data16\train_clean\p226_001.wav,data16\train_noisy\p226_001.wav
data16\train_clean\p226_002.wav,data16\train_noisy\p226_002.wav
data16\train_clean\p226_003.wav,data16\train_noisy\p226_003.wav
data16\train_clean\p226_004.wav,data16\train_noisy\p226_004.wav
data16\train_clean\p226_005.wav,data16\train_noisy\p226_005.wav
data16\train_clean\p226_006.wav,data16\train_noisy\p226_006.wav
data16\train_clean\p226_007.wav,data16\train_noisy\p226_007.wav
data16\train_clean\p226_008.wav,data16\train_noisy\p226_008.wav
data16\train_clean\p226_009.wav,data16\train_noisy\p226_009.wav
data16\train_clean\p226_010.wav,data16\train_noisy\p226_010.wav
data16\train_clean\p226_011.wav,data16\train_noisy\p226_011.wav
data16\train_clean\p226_012.wav,data16\train_noisy\p226_012.wav
data16\train_clean\p226_013.wav,data16\train_noisy\p226_013.wav
data16\train_clean\p226_014.wav,data16\train_noisy\p226_014.wav
data16\train_clean\p226_015.wav,data16\train_noisy\p226_015.wav
data16\train_clean\p226_016.wav,data16\train_noisy\p226_016.wav
data16\train_clean\p226_017.wav,data16\train_noisy\p226_017.wav
data16\train_clean\p226_018.wav,data16\train_noisy\p226_018.wav
data16\train_clean\p226_019.wav,data16\train_noisy\p226_019.wav
data16\train_clean\p226_020.wav,data16\train_noisy\p226_020.wav
data16\train_clean\p226_021.wav,data16\train_noisy\p226_021.wav
data16\train_clean\p226_022.wav,data16\train_noisy\p226_022.wav
data16\train_clean\p226_023.wav,data16\train_noisy\p226_023.wav
data16\train_clean\p226_024.wav,data16\train_noisy\p226_024.wav
data16\train_clean\p226_025.wav,data16\train_noisy\p226_025.wav
data16\train_clean\p226_026.wav,data16\train_noisy\p226_026.wav
data16\train_clean\p226_027.wav,data16\train_noisy\p226_027.wav
data16\train_clean\p226_028.wav,data16\train_noisy\p226_028.wav
data16\train_clean\p226_029.wav,data16\train_noisy\p226_029.wav
data16\train_clean\p226_030.wav,data16\train_noisy\p226_030.wav
data16\train_clean\p226_031.wav,data16\train_noisy\p226_031.wav
data16\train_clean\p226_032.wav,data16\train_noisy\p226_032.wav
data16\train_clean\p226_033.wav,data16\train_noisy\p226_033.wav
data16\train_clean\p226_034.wav,data16\train_noisy\p226_034.wav
data16\train_clean\p226_036.wav,data16\train_noisy\p226_036.wav
data16\train_clean\p226_037.wav,data16\train_noisy\p226_037.wav
data16\train_clean\p226_039.wav,data16\train_noisy\p226_039.wav
data16\train_clean\p226_040.wav,data16\train_noisy\p226_040.wav
data16\train_clean\p226_041.wav,data16\train_noisy\p226_041.wav
data16\train_clean\p226_042.wav,data16\train_noisy\p226_042.wav
data16\train_clean\p226_043.wav,data16\train_noisy\p226_043.wav
data16\train_clean\p226_044.wav,data16\train_noisy\p226_044.wav
data16\train_clean\p226_045.wav,data16\train_noisy\p226_045.wav
data16\train_clean\p226_046.wav,data16\train_noisy\p226_046.wav
data16\train_clean\p226_047.wav,data16\train_noisy\p226_047.wav
data16\train_clean\p226_048.wav,data16\train_noisy\p226_048.wav
data16\train_clean\p226_049.wav,data16\train_noisy\p226_049.wav
data16\train_clean\p226_050.wav,data16\train_noisy\p226_050.wav
data16\train_clean\p226_051.wav,data16\train_noisy\p226_051.wav
data16\train_clean\p226_052.wav,data16\train_noisy\p226_052.wav
data16\train_clean\p226_053.wav,data16\train_noisy\p226_053.wav
data16\train_clean\p226_054.wav,data16\train_noisy\p226_054.wav
data16\train_clean\p226_055.wav,data16\train_noisy\p226_055.wav
data16\train_clean\p226_056.wav,data16\train_noisy\p226_056.wav
data16\train_clean\p226_057.wav,data16\train_noisy\p226_057.wav
data16\train_clean\p226_058.wav,data16\train_noisy\p226_058.wav
data16\train_clean\p226_059.wav,data16\train_noisy\p226_059.wav
data16\train_clean\p226_060.wav,data16\train_noisy\p226_060.wav
data16\train_clean\p226_061.wav,data16\train_noisy\p226_061.wav
data16\train_clean\p226_062.wav,data16\train_noisy\p226_062.wav
data16\train_clean\p226_063.wav,data16\train_noisy\p226_063.wav
data16\train_clean\p226_064.wav,data16\train_noisy\p226_064.wav
data16\train_clean\p226_065.wav,data16\train_noisy\p226_065.wav
data16\train_clean\p226_066.wav,data16\train_noisy\p226_066.wav
data16\train_clean\p226_067.wav,data16\train_noisy\p226_067.wav
data16\train_clean\p226_068.wav,data16\train_noisy\p226_068.wav
data16\train_clean\p226_069.wav,data16\train_noisy\p226_069.wav
data16\train_clean\p226_070.wav,data16\train_noisy\p226_070.wav
data16\train_clean\p226_071.wav,data16\train_noisy\p226_071.wav
data16\train_clean\p226_072.wav,data16\train_noisy\p226_072.wav
data16\train_clean\p226_073.wav,data16\train_noisy\p226_073.wav
data16\train_clean\p226_074.wav,data16\train_noisy\p226_074.wav
data16\train_clean\p226_075.wav,data16\train_noisy\p226_075.wav
data16\train_clean\p226_076.wav,data16\train_noisy\p226_076.wav
data16\train_clean\p226_077.wav,data16\train_noisy\p226_077.wav
data16\train_clean\p226_078.wav,data16\train_noisy\p226_078.wav
data16\train_clean\p226_079.wav,data16\train_noisy\p226_079.wav
data16\train_clean\p226_080.wav,data16\train_noisy\p226_080.wav
data16\train_clean\p226_082.wav,data16\train_noisy\p226_082.wav
data16\train_clean\p226_083.wav,data16\train_noisy\p226_083.wav
data16\train_clean\p226_084.wav,data16\train_noisy\p226_084.wav
data16\train_clean\p226_085.wav,data16\train_noisy\p226_085.wav
data16\train_clean\p226_086.wav,data16\train_noisy\p226_086.wav
data16\train_clean\p226_088.wav,data16\train_noisy\p226_088.wav
data16\train_clean\p226_089.wav,data16\train_noisy\p226_089.wav
data16\train_clean\p226_090.wav,data16\train_noisy\p226_090.wav
data16\train_clean\p226_091.wav,data16\train_noisy\p226_091.wav
data16\train_clean\p226_092.wav,data16\train_noisy\p226_092.wav
data16\train_clean\p226_093.wav,data16\train_noisy\p226_093.wav
data16\train_clean\p226_094.wav,data16\train_noisy\p226_094.wav
data16\train_clean\p226_095.wav,data16\train_noisy\p226_095.wav
data16\train_clean\p226_096.wav,data16\train_noisy\p226_096.wav
data16\train_clean\p226_097.wav,data16\train_noisy\p226_097.wav
data16\train_clean\p226_098.wav,data16\train_noisy\p226_098.wav
data16\train_clean\p226_099.wav,data16\train_noisy\p226_099.wav
data16\train_clean\p226_100.wav,data16\train_noisy\p226_100.wav
data16\train_clean\p226_101.wav,data16\train_noisy\p226_101.wav
data16\train_clean\p226_102.wav,data16\train_noisy\p226_102.wav
data16\train_clean\p226_103.wav,data16\train_noisy\p226_103.wav
data16\train_clean\p226_104.wav,data16\train_noisy\p226_104.wav
data16\train_clean\p226_105.wav,data16\train_noisy\p226_105.wav
data16\train_clean\p226_106.wav,data16\train_noisy\p226_106.wav
data16\train_clean\p226_107.wav,data16\train_noisy\p226_107.wav
data16\train_clean\p226_108.wav,data16\train_noisy\p226_108.wav
data16\train_clean\p226_109.wav,data16\train_noisy\p226_109.wav
data16\train_clean\p226_110.wav,data16\train_noisy\p226_110.wav
data16\train_clean\p226_111.wav,data16\train_noisy\p226_111.wav
data16\train_clean\p226_112.wav,data16\train_noisy\p226_112.wav
data16\train_clean\p226_113.wav,data16\train_noisy\p226_113.wav
data16\train_clean\p226_114.wav,data16\train_noisy\p226_114.wav
data16\train_clean\p226_115.wav,data16\train_noisy\p226_115.wav
data16\train_clean\p226_116.wav,data16\train_noisy\p226_116.wav
data16\train_clean\p226_117.wav,data16\train_noisy\p226_117.wav
data16\train_clean\p226_118.wav,data16\train_noisy\p226_118.wav
data16\train_clean\p226_119.wav,data16\train_noisy\p226_119.wav
data16\train_clean\p226_120.wav,data16\train_noisy\p226_120.wav
data16\train_clean\p226_121.wav,data16\train_noisy\p226_121.wav
data16\train_clean\p226_122.wav,data16\train_noisy\p226_122.wav
data16\train_clean\p226_124.wav,data16\train_noisy\p226_124.wav
data16\train_clean\p226_125.wav,data16\train_noisy\p226_125.wav
data16\train_clean\p226_126.wav,data16\train_noisy\p226_126.wav
data16\train_clean\p226_127.wav,data16\train_noisy\p226_127.wav
data16\train_clean\p226_128.wav,data16\train_noisy\p226_128.wav
data16\train_clean\p226_129.wav,data16\train_noisy\p226_129.wav
data16\train_clean\p226_130.wav,data16\train_noisy\p226_130.wav
data16\train_clean\p226_131.wav,data16\train_noisy\p226_131.wav
data16\train_clean\p226_132.wav,data16\train_noisy\p226_132.wav
data16\train_clean\p226_133.wav,data16\train_noisy\p226_133.wav
data16\train_clean\p226_134.wav,data16\train_noisy\p226_134.wav
data16\train_clean\p226_135.wav,data16\train_noisy\p226_135.wav
data16\train_clean\p226_136.wav,data16\train_noisy\p226_136.wav
data16\train_clean\p226_137.wav,data16\train_noisy\p226_137.wav
data16\train_clean\p226_138.wav,data16\train_noisy\p226_138.wav
data16\train_clean\p226_139.wav,data16\train_noisy\p226_139.wav
data16\train_clean\p226_140.wav,data16\train_noisy\p226_140.wav
data16\train_clean\p226_141.wav,data16\train_noisy\p226_141.wav
data16\train_clean\p226_142.wav,data16\train_noisy\p226_142.wav
data16\train_clean\p226_143.wav,data16\train_noisy\p226_143.wav
data16\train_clean\p226_144.wav,data16\train_noisy\p226_144.wav
data16\train_clean\p226_145.wav,data16\train_noisy\p226_145.wav
data16\train_clean\p226_146.wav,data16\train_noisy\p226_146.wav
data16\train_clean\p226_148.wav,data16\train_noisy\p226_148.wav
data16\train_clean\p226_149.wav,data16\train_noisy\p226_149.wav
data16\train_clean\p226_150.wav,data16\train_noisy\p226_150.wav
data16\train_clean\p226_151.wav,data16\train_noisy\p226_151.wav
data16\train_clean\p226_152.wav,data16\train_noisy\p226_152.wav
data16\train_clean\p226_153.wav,data16\train_noisy\p226_153.wav
data16\train_clean\p226_154.wav,data16\train_noisy\p226_154.wav
data16\train_clean\p226_155.wav,data16\train_noisy\p226_155.wav
data16\train_clean\p226_156.wav,data16\train_noisy\p226_156.wav
data16\train_clean\p226_157.wav,data16\train_noisy\p226_157.wav
data16\train_clean\p226_158.wav,data16\train_noisy\p226_158.wav
data16\train_clean\p226_159.wav,data16\train_noisy\p226_159.wav
data16\train_clean\p226_160.wav,data16\train_noisy\p226_160.wav
data16\train_clean\p226_161.wav,data16\train_noisy\p226_161.wav
data16\train_clean\p226_162.wav,data16\train_noisy\p226_162.wav
data16\train_clean\p226_163.wav,data16\train_noisy\p226_163.wav
data16\train_clean\p226_164.wav,data16\train_noisy\p226_164.wav
data16\train_clean\p226_165.wav,data16\train_noisy\p226_165.wav
data16\train_clean\p226_166.wav,data16\train_noisy\p226_166.wav
data16\train_clean\p226_167.wav,data16\train_noisy\p226_167.wav
data16\train_clean\p226_168.wav,data16\train_noisy\p226_168.wav
data16\train_clean\p226_169.wav,data16\train_noisy\p226_169.wav
data16\train_clean\p226_171.wav,data16\train_noisy\p226_171.wav
data16\train_clean\p226_172.wav,data16\train_noisy\p226_172.wav
data16\train_clean\p226_173.wav,data16\train_noisy\p226_173.wav
data16\train_clean\p226_174.wav,data16\train_noisy\p226_174.wav
data16\train_clean\p226_175.wav,data16\train_noisy\p226_175.wav
data16\train_clean\p226_176.wav,data16\train_noisy\p226_176.wav
data16\train_clean\p226_177.wav,data16\train_noisy\p226_177.wav
data16\train_clean\p226_178.wav,data16\train_noisy\p226_178.wav
data16\train_clean\p226_179.wav,data16\train_noisy\p226_179.wav
data16\train_clean\p226_180.wav,data16\train_noisy\p226_180.wav
data16\train_clean\p226_181.wav,data16\train_noisy\p226_181.wav
data16\train_clean\p226_183.wav,data16\train_noisy\p226_183.wav
data16\train_clean\p226_184.wav,data16\train_noisy\p226_184.wav
data16\train_clean\p226_185.wav,data16\train_noisy\p226_185.wav
data16\train_clean\p226_186.wav,data16\train_noisy\p226_186.wav
data16\train_clean\p226_187.wav,data16\train_noisy\p226_187.wav
data16\train_clean\p226_188.wav,data16\train_noisy\p226_188.wav
data16\train_clean\p226_190.wav,data16\train_noisy\p226_190.wav
data16\train_clean\p226_191.wav,data16\train_noisy\p226_191.wav
data16\train_clean\p226_192.wav,data16\train_noisy\p226_192.wav
data16\train_clean\p226_193.wav,data16\train_noisy\p226_193.wav
data16\train_clean\p226_194.wav,data16\train_noisy\p226_194.wav
data16\train_clean\p226_195.wav,data16\train_noisy\p226_195.wav
data16\train_clean\p226_197.wav,data16\train_noisy\p226_197.wav
data16\train_clean\p226_198.wav,data16\train_noisy\p226_198.wav
data16\train_clean\p226_199.wav,data16\train_noisy\p226_199.wav
data16\train_clean\p226_200.wav,data16\train_noisy\p226_200.wav
data16\train_clean\p226_201.wav,data16\train_noisy\p226_201.wav
data16\train_clean\p226_202.wav,data16\train_noisy\p226_202.wav
data16\train_clean\p226_203.wav,data16\train_noisy\p226_203.wav
data16\train_clean\p226_204.wav,data16\train_noisy\p226_204.wav
data16\train_clean\p226_205.wav,data16\train_noisy\p226_205.wav
data16\train_clean\p226_206.wav,data16\train_noisy\p226_206.wav
data16\train_clean\p226_207.wav,data16\train_noisy\p226_207.wav
data16\train_clean\p226_208.wav,data16\train_noisy\p226_208.wav
data16\train_clean\p226_209.wav,data16\train_noisy\p226_209.wav
data16\train_clean\p226_210.wav,data16\train_noisy\p226_210.wav
data16\train_clean\p226_211.wav,data16\train_noisy\p226_211.wav
data16\train_clean\p226_212.wav,data16\train_noisy\p226_212.wav
data16\train_clean\p226_213.wav,data16\train_noisy\p226_213.wav
data16\train_clean\p226_214.wav,data16\train_noisy\p226_214.wav
data16\train_clean\p226_215.wav,data16\train_noisy\p226_215.wav
data16\train_clean\p226_216.wav,data16\train_noisy\p226_216.wav
data16\train_clean\p226_217.wav,data16\train_noisy\p226_217.wav
data16\train_clean\p226_218.wav,data16\train_noisy\p226_218.wav
data16\train_clean\p226_219.wav,data16\train_noisy\p226_219.wav
data16\train_clean\p226_220.wav,data16\train_noisy\p226_220.wav
data16\train_clean\p226_221.wav,data16\train_noisy\p226_221.wav
data16\train_clean\p226_223.wav,data16\train_noisy\p226_223.wav
data16\train_clean\p226_224.wav,data16\train_noisy\p226_224.wav
data16\train_clean\p226_225.wav,data16\train_noisy\p226_225.wav
data16\train_clean\p226_226.wav,data16\train_noisy\p226_226.wav
data16\train_clean\p226_227.wav,data16\train_noisy\p226_227.wav
data16\train_clean\p226_228.wav,data16\train_noisy\p226_228.wav
data16\train_clean\p226_229.wav,data16\train_noisy\p226_229.wav
data16\train_clean\p226_230.wav,data16\train_noisy\p226_230.wav
data16\train_clean\p226_231.wav,data16\train_noisy\p226_231.wav
data16\train_clean\p226_232.wav,data16\train_noisy\p226_232.wav
data16\train_clean\p226_233.wav,data16\train_noisy\p226_233.wav
data16\train_clean\p226_234.wav,data16\train_noisy\p226_234.wav
data16\train_clean\p226_235.wav,data16\train_noisy\p226_235.wav
data16\train_clean\p226_236.wav,data16\train_noisy\p226_236.wav
data16\train_clean\p226_237.wav,data16\train_noisy\p226_237.wav
data16\train_clean\p226_238.wav,data16\train_noisy\p226_238.wav
data16\train_clean\p226_239.wav,data16\train_noisy\p226_239.wav
data16\train_clean\p226_240.wav,data16\train_noisy\p226_240.wav
data16\train_clean\p226_241.wav,data16\train_noisy\p226_241.wav
data16\train_clean\p226_242.wav,data16\train_noisy\p226_242.wav
data16\train_clean\p226_243.wav,data16\train_noisy\p226_243.wav
data16\train_clean\p226_244.wav,data16\train_noisy\p226_244.wav
data16\train_clean\p226_245.wav,data16\train_noisy\p226_245.wav
data16\train_clean\p226_246.wav,data16\train_noisy\p226_246.wav
data16\train_clean\p226_247.wav,data16\train_noisy\p226_247.wav
data16\train_clean\p226_248.wav,data16\train_noisy\p226_248.wav
data16\train_clean\p226_249.wav,data16\train_noisy\p226_249.wav
data16\train_clean\p226_251.wav,data16\train_noisy\p226_251.wav
data16\train_clean\p226_252.wav,data16\train_noisy\p226_252.wav
data16\train_clean\p226_253.wav,data16\train_noisy\p226_253.wav
data16\train_clean\p226_254.wav,data16\train_noisy\p226_254.wav
data16\train_clean\p226_255.wav,data16\train_noisy\p226_255.wav
data16\train_clean\p226_256.wav,data16\train_noisy\p226_256.wav
data16\train_clean\p226_257.wav,data16\train_noisy\p226_257.wav
data16\train_clean\p226_258.wav,data16\train_noisy\p226_258.wav
data16\train_clean\p226_259.wav,data16\train_noisy\p226_259.wav
data16\train_clean\p226_260.wav,data16\train_noisy\p226_260.wav
data16\train_clean\p226_261.wav,data16\train_noisy\p226_261.wav
data16\train_clean\p226_262.wav,data16\train_noisy\p226_262.wav
data16\train_clean\p226_263.wav,data16\train_noisy\p226_263.wav
data16\train_clean\p226_264.wav,data16\train_noisy\p226_264.wav
data16\train_clean\p226_265.wav,data16\train_noisy\p226_265.wav
data16\train_clean\p226_266.wav,data16\train_noisy\p226_266.wav
data16\train_clean\p226_267.wav,data16\train_noisy\p226_267.wav
data16\train_clean\p226_268.wav,data16\train_noisy\p226_268.wav
data16\train_clean\p226_269.wav,data16\train_noisy\p226_269.wav
data16\train_clean\p226_270.wav,data16\train_noisy\p226_270.wav
data16\train_clean\p226_271.wav,data16\train_noisy\p226_271.wav
data16\train_clean\p226_272.wav,data16\train_noisy\p226_272.wav
data16\train_clean\p226_273.wav,data16\train_noisy\p226_273.wav
data16\train_clean\p226_274.wav,data16\train_noisy\p226_274.wav
data16\train_clean\p226_276.wav,data16\train_noisy\p226_276.wav
data16\train_clean\p226_278.wav,data16\train_noisy\p226_278.wav
data16\train_clean\p226_279.wav,data16\train_noisy\p226_279.wav
data16\train_clean\p226_280.wav,data16\train_noisy\p226_280.wav
data16\train_clean\p226_281.wav,data16\train_noisy\p226_281.wav
data16\train_clean\p226_283.wav,data16\train_noisy\p226_283.wav
data16\train_clean\p226_284.wav,data16\train_noisy\p226_284.wav
data16\train_clean\p226_285.wav,data16\train_noisy\p226_285.wav
data16\train_clean\p226_286.wav,data16\train_noisy\p226_286.wav
data16\train_clean\p226_287.wav,data16\train_noisy\p226_287.wav
data16\train_clean\p226_288.wav,data16\train_noisy\p226_288.wav
data16\train_clean\p226_289.wav,data16\train_noisy\p226_289.wav
data16\train_clean\p226_290.wav,data16\train_noisy\p226_290.wav
data16\train_clean\p226_291.wav,data16\train_noisy\p226_291.wav
data16\train_clean\p226_292.wav,data16\train_noisy\p226_292.wav
data16\train_clean\p226_293.wav,data16\train_noisy\p226_293.wav
data16\train_clean\p226_294.wav,data16\train_noisy\p226_294.wav
data16\train_clean\p226_295.wav,data16\train_noisy\p226_295.wav
data16\train_clean\p226_296.wav,data16\train_noisy\p226_296.wav
data16\train_clean\p226_297.wav,data16\train_noisy\p226_297.wav
data16\train_clean\p226_298.wav,data16\train_noisy\p226_298.wav
data16\train_clean\p226_299.wav,data16\train_noisy\p226_299.wav
data16\train_clean\p226_300.wav,data16\train_noisy\p226_300.wav
data16\train_clean\p226_301.wav,data16\train_noisy\p226_301.wav
data16\train_clean\p226_302.wav,data16\train_noisy\p226_302.wav
data16\train_clean\p226_303.wav,data16\train_noisy\p226_303.wav
data16\train_clean\p226_304.wav,data16\train_noisy\p226_304.wav
data16\train_clean\p226_305.wav,data16\train_noisy\p226_305.wav
data16\train_clean\p226_306.wav,data16\train_noisy\p226_306.wav
data16\train_clean\p226_307.wav,data16\train_noisy\p226_307.wav
data16\train_clean\p226_308.wav,data16\train_noisy\p226_308.wav
data16\train_clean\p226_309.wav,data16\train_noisy\p226_309.wav
data16\train_clean\p226_310.wav,data16\train_noisy\p226_310.wav
data16\train_clean\p226_311.wav,data16\train_noisy\p226_311.wav
data16\train_clean\p226_312.wav,data16\train_noisy\p226_312.wav
data16\train_clean\p226_313.wav,data16\train_noisy\p226_313.wav
data16\train_clean\p226_314.wav,data16\train_noisy\p226_314.wav
data16\train_clean\p226_315.wav,data16\train_noisy\p226_315.wav
data16\train_clean\p226_316.wav,data16\train_noisy\p226_316.wav
data16\train_clean\p226_317.wav,data16\train_noisy\p226_317.wav
data16\train_clean\p226_319.wav,data16\train_noisy\p226_319.wav
data16\train_clean\p226_320.wav,data16\train_noisy\p226_320.wav
data16\train_clean\p226_321.wav,data16\train_noisy\p226_321.wav
data16\train_clean\p226_323.wav,data16\train_noisy\p226_323.wav
data16\train_clean\p226_324.wav,data16\train_noisy\p226_324.wav
data16\train_clean\p226_325.wav,data16\train_noisy\p226_325.wav
data16\train_clean\p226_326.wav,data16\train_noisy\p226_326.wav
data16\train_clean\p226_327.wav,data16\train_noisy\p226_327.wav
data16\train_clean\p226_328.wav,data16\train_noisy\p226_328.wav
data16\train_clean\p226_329.wav,data16\train_noisy\p226_329.wav
data16\train_clean\p226_330.wav,data16\train_noisy\p226_330.wav
data16\train_clean\p226_331.wav,data16\train_noisy\p226_331.wav
data16\train_clean\p226_332.wav,data16\train_noisy\p226_332.wav
data16\train_clean\p226_333.wav,data16\train_noisy\p226_333.wav
data16\train_clean\p226_334.wav,data16\train_noisy\p226_334.wav
data16\train_clean\p226_335.wav,data16\train_noisy\p226_335.wav
data16\train_clean\p226_336.wav,data16\train_noisy\p226_336.wav
data16\train_clean\p226_337.wav,data16\train_noisy\p226_337.wav
data16\train_clean\p226_338.wav,data16\train_noisy\p226_338.wav
data16\train_clean\p226_339.wav,data16\train_noisy\p226_339.wav
data16\train_clean\p226_340.wav,data16\train_noisy\p226_340.wav
data16\train_clean\p226_341.wav,data16\train_noisy\p226_341.wav
data16\train_clean\p226_342.wav,data16\train_noisy\p226_342.wav
data16\train_clean\p226_343.wav,data16\train_noisy\p226_343.wav
data16\train_clean\p226_344.wav,data16\train_noisy\p226_344.wav
data16\train_clean\p226_345.wav,data16\train_noisy\p226_345.wav
data16\train_clean\p226_346.wav,data16\train_noisy\p226_346.wav
data16\train_clean\p226_347.wav,data16\train_noisy\p226_347.wav
data16\train_clean\p226_348.wav,data16\train_noisy\p226_348.wav
data16\train_clean\p226_349.wav,data16\train_noisy\p226_349.wav
data16\train_clean\p226_350.wav,data16\train_noisy\p226_350.wav
data16\train_clean\p226_351.wav,data16\train_noisy\p226_351.wav
data16\train_clean\p226_352.wav,data16\train_noisy\p226_352.wav
data16\train_clean\p226_353.wav,data16\train_noisy\p226_353.wav
data16\train_clean\p226_354.wav,data16\train_noisy\p226_354.wav
data16\train_clean\p226_355.wav,data16\train_noisy\p226_355.wav
data16\train_clean\p226_356.wav,data16\train_noisy\p226_356.wav
data16\train_clean\p226_357.wav,data16\train_noisy\p226_357.wav
data16\train_clean\p226_358.wav,data16\train_noisy\p226_358.wav
data16\train_clean\p226_359.wav,data16\train_noisy\p226_359.wav
data16\train_clean\p226_360.wav,data16\train_noisy\p226_360.wav
data16\train_clean\p226_361.wav,data16\train_noisy\p226_361.wav
data16\train_clean\p226_362.wav,data16\train_noisy\p226_362.wav
data16\train_clean\p226_363.wav,data16\train_noisy\p226_363.wav
data16\train_clean\p226_364.wav,data16\train_noisy\p226_364.wav
data16\train_clean\p226_365.wav,data16\train_noisy\p226_365.wav
data16\train_clean\p226_366.wav,data16\train_noisy\p226_366.wav
data16\train_clean\p226_367.wav,data16\train_noisy\p226_367.wav
data16\train_clean\p226_368.wav,data16\train_noisy\p226_368.wav
data16\train_clean\p226_369.wav,data16\train_noisy\p226_369.wav
data16\train_clean\p226_370.wav,data16\train_noisy\p226_370.wav
data16\train_clean\p227_001.wav,data16\train_noisy\p227_001.wav
data16\train_clean\p227_002.wav,data16\train_noisy\p227_002.wav
data16\train_clean\p227_003.wav,data16\train_noisy\p227_003.wav
data16\train_clean\p227_004.wav,data16\train_noisy\p227_004.wav
data16\train_clean\p227_005.wav,data16\train_noisy\p227_005.wav
data16\train_clean\p227_006.wav,data16\train_noisy\p227_006.wav
data16\train_clean\p227_008.wav,data16\train_noisy\p227_008.wav
data16\train_clean\p227_009.wav,data16\train_noisy\p227_009.wav
data16\train_clean\p227_010.wav,data16\train_noisy\p227_010.wav
data16\train_clean\p227_011.wav,data16\train_noisy\p227_011.wav
data16\train_clean\p227_012.wav,data16\train_noisy\p227_012.wav
data16\train_clean\p227_013.wav,data16\train_noisy\p227_013.wav
data16\train_clean\p227_014.wav,data16\train_noisy\p227_014.wav
data16\train_clean\p227_015.wav,data16\train_noisy\p227_015.wav
data16\train_clean\p227_016.wav,data16\train_noisy\p227_016.wav
data16\train_clean\p227_017.wav,data16\train_noisy\p227_017.wav
data16\train_clean\p227_018.wav,data16\train_noisy\p227_018.wav
data16\train_clean\p227_019.wav,data16\train_noisy\p227_019.wav
data16\train_clean\p227_020.wav,data16\train_noisy\p227_020.wav
data16\train_clean\p227_021.wav,data16\train_noisy\p227_021.wav
data16\train_clean\p227_022.wav,data16\train_noisy\p227_022.wav
data16\train_clean\p227_023.wav,data16\train_noisy\p227_023.wav
data16\train_clean\p227_024.wav,data16\train_noisy\p227_024.wav
data16\train_clean\p227_025.wav,data16\train_noisy\p227_025.wav
data16\train_clean\p227_026.wav,data16\train_noisy\p227_026.wav
data16\train_clean\p227_027.wav,data16\train_noisy\p227_027.wav
data16\train_clean\p227_028.wav,data16\train_noisy\p227_028.wav
data16\train_clean\p227_029.wav,data16\train_noisy\p227_029.wav
data16\train_clean\p227_030.wav,data16\train_noisy\p227_030.wav
data16\train_clean\p227_031.wav,data16\train_noisy\p227_031.wav
data16\train_clean\p227_032.wav,data16\train_noisy\p227_032.wav
data16\train_clean\p227_033.wav,data16\train_noisy\p227_033.wav
data16\train_clean\p227_034.wav,data16\train_noisy\p227_034.wav
data16\train_clean\p227_035.wav,data16\train_noisy\p227_035.wav
data16\train_clean\p227_036.wav,data16\train_noisy\p227_036.wav
data16\train_clean\p227_037.wav,data16\train_noisy\p227_037.wav
data16\train_clean\p227_038.wav,data16\train_noisy\p227_038.wav
data16\train_clean\p227_039.wav,data16\train_noisy\p227_039.wav
data16\train_clean\p227_040.wav,data16\train_noisy\p227_040.wav
data16\train_clean\p227_041.wav,data16\train_noisy\p227_041.wav
data16\train_clean\p227_042.wav,data16\train_noisy\p227_042.wav
data16\train_clean\p227_043.wav,data16\train_noisy\p227_043.wav
data16\train_clean\p227_044.wav,data16\train_noisy\p227_044.wav
data16\train_clean\p227_045.wav,data16\train_noisy\p227_045.wav
data16\train_clean\p227_046.wav,data16\train_noisy\p227_046.wav
data16\train_clean\p227_047.wav,data16\train_noisy\p227_047.wav
data16\train_clean\p227_048.wav,data16\train_noisy\p227_048.wav
data16\train_clean\p227_049.wav,data16\train_noisy\p227_049.wav
data16\train_clean\p227_050.wav,data16\train_noisy\p227_050.wav
data16\train_clean\p227_051.wav,data16\train_noisy\p227_051.wav
data16\train_clean\p227_052.wav,data16\train_noisy\p227_052.wav
data16\train_clean\p227_053.wav,data16\train_noisy\p227_053.wav
data16\train_clean\p227_054.wav,data16\train_noisy\p227_054.wav
data16\train_clean\p227_055.wav,data16\train_noisy\p227_055.wav
data16\train_clean\p227_056.wav,data16\train_noisy\p227_056.wav
data16\train_clean\p227_057.wav,data16\train_noisy\p227_057.wav
data16\train_clean\p227_058.wav,data16\train_noisy\p227_058.wav
data16\train_clean\p227_059.wav,data16\train_noisy\p227_059.wav
data16\train_clean\p227_060.wav,data16\train_noisy\p227_060.wav
data16\train_clean\p227_061.wav,data16\train_noisy\p227_061.wav
data16\train_clean\p227_062.wav,data16\train_noisy\p227_062.wav
data16\train_clean\p227_063.wav,data16\train_noisy\p227_063.wav
data16\train_clean\p227_064.wav,data16\train_noisy\p227_064.wav
data16\train_clean\p227_065.wav,data16\train_noisy\p227_065.wav
data16\train_clean\p227_066.wav,data16\train_noisy\p227_066.wav
data16\train_clean\p227_067.wav,data16\train_noisy\p227_067.wav
data16\train_clean\p227_068.wav,data16\train_noisy\p227_068.wav
data16\train_clean\p227_069.wav,data16\train_noisy\p227_069.wav
data16\train_clean\p227_070.wav,data16\train_noisy\p227_070.wav
data16\train_clean\p227_071.wav,data16\train_noisy\p227_071.wav
data16\train_clean\p227_072.wav,data16\train_noisy\p227_072.wav
data16\train_clean\p227_073.wav,data16\train_noisy\p227_073.wav
data16\train_clean\p227_074.wav,data16\train_noisy\p227_074.wav
data16\train_clean\p227_075.wav,data16\train_noisy\p227_075.wav
data16\train_clean\p227_076.wav,data16\train_noisy\p227_076.wav
data16\train_clean\p227_077.wav,data16\train_noisy\p227_077.wav
data16\train_clean\p227_078.wav,data16\train_noisy\p227_078.wav
data16\train_clean\p227_079.wav,data16\train_noisy\p227_079.wav
data16\train_clean\p227_080.wav,data16\train_noisy\p227_080.wav
data16\train_clean\p227_081.wav,data16\train_noisy\p227_081.wav
data16\train_clean\p227_082.wav,data16\train_noisy\p227_082.wav
data16\train_clean\p227_083.wav,data16\train_noisy\p227_083.wav
data16\train_clean\p227_084.wav,data16\train_noisy\p227_084.wav
data16\train_clean\p227_085.wav,data16\train_noisy\p227_085.wav
data16\train_clean\p227_086.wav,data16\train_noisy\p227_086.wav
data16\train_clean\p227_087.wav,data16\train_noisy\p227_087.wav
data16\train_clean\p227_088.wav,data16\train_noisy\p227_088.wav
data16\train_clean\p227_089.wav,data16\train_noisy\p227_089.wav
data16\train_clean\p227_090.wav,data16\train_noisy\p227_090.wav
data16\train_clean\p227_091.wav,data16\train_noisy\p227_091.wav
data16\train_clean\p227_092.wav,data16\train_noisy\p227_092.wav
data16\train_clean\p227_093.wav,data16\train_noisy\p227_093.wav
data16\train_clean\p227_094.wav,data16\train_noisy\p227_094.wav
data16\train_clean\p227_095.wav,data16\train_noisy\p227_095.wav
data16\train_clean\p227_096.wav,data16\train_noisy\p227_096.wav
data16\train_clean\p227_097.wav,data16\train_noisy\p227_097.wav
data16\train_clean\p227_098.wav,data16\train_noisy\p227_098.wav
data16\train_clean\p227_099.wav,data16\train_noisy\p227_099.wav
data16\train_clean\p227_100.wav,data16\train_noisy\p227_100.wav
data16\train_clean\p227_101.wav,data16\train_noisy\p227_101.wav
data16\train_clean\p227_102.wav,data16\train_noisy\p227_102.wav
data16\train_clean\p227_103.wav,data16\train_noisy\p227_103.wav
data16\train_clean\p227_104.wav,data16\train_noisy\p227_104.wav
data16\train_clean\p227_105.wav,data16\train_noisy\p227_105.wav
data16\train_clean\p227_106.wav,data16\train_noisy\p227_106.wav
data16\train_clean\p227_107.wav,data16\train_noisy\p227_107.wav
data16\train_clean\p227_108.wav,data16\train_noisy\p227_108.wav
data16\train_clean\p227_109.wav,data16\train_noisy\p227_109.wav
data16\train_clean\p227_110.wav,data16\train_noisy\p227_110.wav
data16\train_clean\p227_111.wav,data16\train_noisy\p227_111.wav
data16\train_clean\p227_112.wav,data16\train_noisy\p227_112.wav
data16\train_clean\p227_113.wav,data16\train_noisy\p227_113.wav
data16\train_clean\p227_114.wav,data16\train_noisy\p227_114.wav
data16\train_clean\p227_116.wav,data16\train_noisy\p227_116.wav
data16\train_clean\p227_117.wav,data16\train_noisy\p227_117.wav
data16\train_clean\p227_118.wav,data16\train_noisy\p227_118.wav
data16\train_clean\p227_119.wav,data16\train_noisy\p227_119.wav
data16\train_clean\p227_120.wav,data16\train_noisy\p227_120.wav
data16\train_clean\p227_121.wav,data16\train_noisy\p227_121.wav
data16\train_clean\p227_122.wav,data16\train_noisy\p227_122.wav
data16\train_clean\p227_123.wav,data16\train_noisy\p227_123.wav
data16\train_clean\p227_124.wav,data16\train_noisy\p227_124.wav
data16\train_clean\p227_125.wav,data16\train_noisy\p227_125.wav
data16\train_clean\p227_126.wav,data16\train_noisy\p227_126.wav
data16\train_clean\p227_127.wav,data16\train_noisy\p227_127.wav
data16\train_clean\p227_128.wav,data16\train_noisy\p227_128.wav
data16\train_clean\p227_129.wav,data16\train_noisy\p227_129.wav
data16\train_clean\p227_130.wav,data16\train_noisy\p227_130.wav
data16\train_clean\p227_131.wav,data16\train_noisy\p227_131.wav
data16\train_clean\p227_132.wav,data16\train_noisy\p227_132.wav
data16\train_clean\p227_133.wav,data16\train_noisy\p227_133.wav
data16\train_clean\p227_134.wav,data16\train_noisy\p227_134.wav
data16\train_clean\p227_135.wav,data16\train_noisy\p227_135.wav
data16\train_clean\p227_136.wav,data16\train_noisy\p227_136.wav
data16\train_clean\p227_137.wav,data16\train_noisy\p227_137.wav
data16\train_clean\p227_138.wav,data16\train_noisy\p227_138.wav
data16\train_clean\p227_139.wav,data16\train_noisy\p227_139.wav
data16\train_clean\p227_140.wav,data16\train_noisy\p227_140.wav
data16\train_clean\p227_141.wav,data16\train_noisy\p227_141.wav
data16\train_clean\p227_142.wav,data16\train_noisy\p227_142.wav
data16\train_clean\p227_143.wav,data16\train_noisy\p227_143.wav
data16\train_clean\p227_144.wav,data16\train_noisy\p227_144.wav
data16\train_clean\p227_145.wav,data16\train_noisy\p227_145.wav
data16\train_clean\p227_146.wav,data16\train_noisy\p227_146.wav
data16\train_clean\p227_147.wav,data16\train_noisy\p227_147.wav
data16\train_clean\p227_148.wav,data16\train_noisy\p227_148.wav
data16\train_clean\p227_149.wav,data16\train_noisy\p227_149.wav
data16\train_clean\p227_150.wav,data16\train_noisy\p227_150.wav
data16\train_clean\p227_151.wav,data16\train_noisy\p227_151.wav
data16\train_clean\p227_152.wav,data16\train_noisy\p227_152.wav
data16\train_clean\p227_153.wav,data16\train_noisy\p227_153.wav
data16\train_clean\p227_154.wav,data16\train_noisy\p227_154.wav
data16\train_clean\p227_155.wav,data16\train_noisy\p227_155.wav
data16\train_clean\p227_156.wav,data16\train_noisy\p227_156.wav
data16\train_clean\p227_157.wav,data16\train_noisy\p227_157.wav
data16\train_clean\p227_158.wav,data16\train_noisy\p227_158.wav
data16\train_clean\p227_159.wav,data16\train_noisy\p227_159.wav
data16\train_clean\p227_160.wav,data16\train_noisy\p227_160.wav
data16\train_clean\p227_161.wav,data16\train_noisy\p227_161.wav
data16\train_clean\p227_162.wav,data16\train_noisy\p227_162.wav
data16\train_clean\p227_163.wav,data16\train_noisy\p227_163.wav
data16\train_clean\p227_164.wav,data16\train_noisy\p227_164.wav
data16\train_clean\p227_165.wav,data16\train_noisy\p227_165.wav
data16\train_clean\p227_166.wav,data16\train_noisy\p227_166.wav
data16\train_clean\p227_167.wav,data16\train_noisy\p227_167.wav
data16\train_clean\p227_168.wav,data16\train_noisy\p227_168.wav
data16\train_clean\p227_169.wav,data16\train_noisy\p227_169.wav
data16\train_clean\p227_170.wav,data16\train_noisy\p227_170.wav
data16\train_clean\p227_171.wav,data16\train_noisy\p227_171.wav
data16\train_clean\p227_172.wav,data16\train_noisy\p227_172.wav
data16\train_clean\p227_173.wav,data16\train_noisy\p227_173.wav
data16\train_clean\p227_174.wav,data16\train_noisy\p227_174.wav
data16\train_clean\p227_175.wav,data16\train_noisy\p227_175.wav
data16\train_clean\p227_176.wav,data16\train_noisy\p227_176.wav
data16\train_clean\p227_177.wav,data16\train_noisy\p227_177.wav
data16\train_clean\p227_178.wav,data16\train_noisy\p227_178.wav
data16\train_clean\p227_179.wav,data16\train_noisy\p227_179.wav
data16\train_clean\p227_180.wav,data16\train_noisy\p227_180.wav
data16\train_clean\p227_181.wav,data16\train_noisy\p227_181.wav
data16\train_clean\p227_183.wav,data16\train_noisy\p227_183.wav
data16\train_clean\p227_184.wav,data16\train_noisy\p227_184.wav
data16\train_clean\p227_186.wav,data16\train_noisy\p227_186.wav
data16\train_clean\p227_187.wav,data16\train_noisy\p227_187.wav
data16\train_clean\p227_188.wav,data16\train_noisy\p227_188.wav
data16\train_clean\p227_189.wav,data16\train_noisy\p227_189.wav
data16\train_clean\p227_190.wav,data16\train_noisy\p227_190.wav
data16\train_clean\p227_191.wav,data16\train_noisy\p227_191.wav
data16\train_clean\p227_192.wav,data16\train_noisy\p227_192.wav
data16\train_clean\p227_193.wav,data16\train_noisy\p227_193.wav
data16\train_clean\p227_194.wav,data16\train_noisy\p227_194.wav
data16\train_clean\p227_195.wav,data16\train_noisy\p227_195.wav
data16\train_clean\p227_196.wav,data16\train_noisy\p227_196.wav
data16\train_clean\p227_197.wav,data16\train_noisy\p227_197.wav
data16\train_clean\p227_198.wav,data16\train_noisy\p227_198.wav
data16\train_clean\p227_199.wav,data16\train_noisy\p227_199.wav
data16\train_clean\p227_200.wav,data16\train_noisy\p227_200.wav
data16\train_clean\p227_201.wav,data16\train_noisy\p227_201.wav
data16\train_clean\p227_203.wav,data16\train_noisy\p227_203.wav
data16\train_clean\p227_204.wav,data16\train_noisy\p227_204.wav
data16\train_clean\p227_205.wav,data16\train_noisy\p227_205.wav
data16\train_clean\p227_206.wav,data16\train_noisy\p227_206.wav
data16\train_clean\p227_207.wav,data16\train_noisy\p227_207.wav
data16\train_clean\p227_208.wav,data16\train_noisy\p227_208.wav
data16\train_clean\p227_209.wav,data16\train_noisy\p227_209.wav
data16\train_clean\p227_210.wav,data16\train_noisy\p227_210.wav
data16\train_clean\p227_211.wav,data16\train_noisy\p227_211.wav
data16\train_clean\p227_212.wav,data16\train_noisy\p227_212.wav
data16\train_clean\p227_213.wav,data16\train_noisy\p227_213.wav
data16\train_clean\p227_214.wav,data16\train_noisy\p227_214.wav
data16\train_clean\p227_215.wav,data16\train_noisy\p227_215.wav
data16\train_clean\p227_216.wav,data16\train_noisy\p227_216.wav
data16\train_clean\p227_217.wav,data16\train_noisy\p227_217.wav
data16\train_clean\p227_218.wav,data16\train_noisy\p227_218.wav
data16\train_clean\p227_219.wav,data16\train_noisy\p227_219.wav
data16\train_clean\p227_220.wav,data16\train_noisy\p227_220.wav
data16\train_clean\p227_222.wav,data16\train_noisy\p227_222.wav
data16\train_clean\p227_223.wav,data16\train_noisy\p227_223.wav
data16\train_clean\p227_226.wav,data16\train_noisy\p227_226.wav
data16\train_clean\p227_227.wav,data16\train_noisy\p227_227.wav
data16\train_clean\p227_228.wav,data16\train_noisy\p227_228.wav
data16\train_clean\p227_229.wav,data16\train_noisy\p227_229.wav
data16\train_clean\p227_230.wav,data16\train_noisy\p227_230.wav
data16\train_clean\p227_231.wav,data16\train_noisy\p227_231.wav
data16\train_clean\p227_232.wav,data16\train_noisy\p227_232.wav
data16\train_clean\p227_233.wav,data16\train_noisy\p227_233.wav
data16\train_clean\p227_235.wav,data16\train_noisy\p227_235.wav
data16\train_clean\p227_236.wav,data16\train_noisy\p227_236.wav
data16\train_clean\p227_237.wav,data16\train_noisy\p227_237.wav
data16\train_clean\p227_238.wav,data16\train_noisy\p227_238.wav
data16\train_clean\p227_239.wav,data16\train_noisy\p227_239.wav
data16\train_clean\p227_240.wav,data16\train_noisy\p227_240.wav
data16\train_clean\p227_241.wav,data16\train_noisy\p227_241.wav
data16\train_clean\p227_242.wav,data16\train_noisy\p227_242.wav
data16\train_clean\p227_243.wav,data16\train_noisy\p227_243.wav
data16\train_clean\p227_244.wav,data16\train_noisy\p227_244.wav
data16\train_clean\p227_245.wav,data16\train_noisy\p227_245.wav
data16\train_clean\p227_246.wav,data16\train_noisy\p227_246.wav
data16\train_clean\p227_247.wav,data16\train_noisy\p227_247.wav
data16\train_clean\p227_248.wav,data16\train_noisy\p227_248.wav
data16\train_clean\p227_249.wav,data16\train_noisy\p227_249.wav
data16\train_clean\p227_250.wav,data16\train_noisy\p227_250.wav
data16\train_clean\p227_251.wav,data16\train_noisy\p227_251.wav
data16\train_clean\p227_252.wav,data16\train_noisy\p227_252.wav
data16\train_clean\p227_253.wav,data16\train_noisy\p227_253.wav
data16\train_clean\p227_254.wav,data16\train_noisy\p227_254.wav
data16\train_clean\p227_255.wav,data16\train_noisy\p227_255.wav
data16\train_clean\p227_256.wav,data16\train_noisy\p227_256.wav
data16\train_clean\p227_257.wav,data16\train_noisy\p227_257.wav
data16\train_clean\p227_258.wav,data16\train_noisy\p227_258.wav
data16\train_clean\p227_259.wav,data16\train_noisy\p227_259.wav
data16\train_clean\p227_260.wav,data16\train_noisy\p227_260.wav
data16\train_clean\p227_261.wav,data16\train_noisy\p227_261.wav
data16\train_clean\p227_262.wav,data16\train_noisy\p227_262.wav
data16\train_clean\p227_263.wav,data16\train_noisy\p227_263.wav
data16\train_clean\p227_264.wav,data16\train_noisy\p227_264.wav
data16\train_clean\p227_265.wav,data16\train_noisy\p227_265.wav
data16\train_clean\p227_266.wav,data16\train_noisy\p227_266.wav
data16\train_clean\p227_267.wav,data16\train_noisy\p227_267.wav
data16\train_clean\p227_268.wav,data16\train_noisy\p227_268.wav
data16\train_clean\p227_269.wav,data16\train_noisy\p227_269.wav
data16\train_clean\p227_270.wav,data16\train_noisy\p227_270.wav
data16\train_clean\p227_271.wav,data16\train_noisy\p227_271.wav
data16\train_clean\p227_272.wav,data16\train_noisy\p227_272.wav
data16\train_clean\p227_273.wav,data16\train_noisy\p227_273.wav
data16\train_clean\p227_274.wav,data16\train_noisy\p227_274.wav
data16\train_clean\p227_275.wav,data16\train_noisy\p227_275.wav
data16\train_clean\p227_276.wav,data16\train_noisy\p227_276.wav
data16\train_clean\p227_277.wav,data16\train_noisy\p227_277.wav
data16\train_clean\p227_278.wav,data16\train_noisy\p227_278.wav
data16\train_clean\p227_279.wav,data16\train_noisy\p227_279.wav
data16\train_clean\p227_280.wav,data16\train_noisy\p227_280.wav
data16\train_clean\p227_281.wav,data16\train_noisy\p227_281.wav
data16\train_clean\p227_282.wav,data16\train_noisy\p227_282.wav
data16\train_clean\p227_283.wav,data16\train_noisy\p227_283.wav
data16\train_clean\p227_284.wav,data16\train_noisy\p227_284.wav
data16\train_clean\p227_285.wav,data16\train_noisy\p227_285.wav
data16\train_clean\p227_286.wav,data16\train_noisy\p227_286.wav
data16\train_clean\p227_287.wav,data16\train_noisy\p227_287.wav
data16\train_clean\p227_288.wav,data16\train_noisy\p227_288.wav
data16\train_clean\p227_289.wav,data16\train_noisy\p227_289.wav
data16\train_clean\p227_290.wav,data16\train_noisy\p227_290.wav
data16\train_clean\p227_291.wav,data16\train_noisy\p227_291.wav
data16\train_clean\p227_292.wav,data16\train_noisy\p227_292.wav
data16\train_clean\p227_293.wav,data16\train_noisy\p227_293.wav
data16\train_clean\p227_294.wav,data16\train_noisy\p227_294.wav
data16\train_clean\p227_295.wav,data16\train_noisy\p227_295.wav
data16\train_clean\p227_296.wav,data16\train_noisy\p227_296.wav
data16\train_clean\p227_297.wav,data16\train_noisy\p227_297.wav
data16\train_clean\p227_298.wav,data16\train_noisy\p227_298.wav
data16\train_clean\p227_299.wav,data16\train_noisy\p227_299.wav
data16\train_clean\p227_300.wav,data16\train_noisy\p227_300.wav
data16\train_clean\p227_301.wav,data16\train_noisy\p227_301.wav
data16\train_clean\p227_302.wav,data16\train_noisy\p227_302.wav
data16\train_clean\p227_303.wav,data16\train_noisy\p227_303.wav
data16\train_clean\p227_304.wav,data16\train_noisy\p227_304.wav
data16\train_clean\p227_305.wav,data16\train_noisy\p227_305.wav
data16\train_clean\p227_306.wav,data16\train_noisy\p227_306.wav
data16\train_clean\p227_307.wav,data16\train_noisy\p227_307.wav
data16\train_clean\p227_308.wav,data16\train_noisy\p227_308.wav
data16\train_clean\p227_309.wav,data16\train_noisy\p227_309.wav
data16\train_clean\p227_310.wav,data16\train_noisy\p227_310.wav
data16\train_clean\p227_311.wav,data16\train_noisy\p227_311.wav
data16\train_clean\p227_312.wav,data16\train_noisy\p227_312.wav
data16\train_clean\p227_313.wav,data16\train_noisy\p227_313.wav
data16\train_clean\p227_314.wav,data16\train_noisy\p227_314.wav
data16\train_clean\p227_315.wav,data16\train_noisy\p227_315.wav
data16\train_clean\p227_316.wav,data16\train_noisy\p227_316.wav
data16\train_clean\p227_317.wav,data16\train_noisy\p227_317.wav
data16\train_clean\p227_318.wav,data16\train_noisy\p227_318.wav
data16\train_clean\p227_319.wav,data16\train_noisy\p227_319.wav
data16\train_clean\p227_320.wav,data16\train_noisy\p227_320.wav
data16\train_clean\p227_321.wav,data16\train_noisy\p227_321.wav
data16\train_clean\p227_322.wav,data16\train_noisy\p227_322.wav
data16\train_clean\p227_323.wav,data16\train_noisy\p227_323.wav
data16\train_clean\p227_324.wav,data16\train_noisy\p227_324.wav
data16\train_clean\p227_326.wav,data16\train_noisy\p227_326.wav
data16\train_clean\p227_327.wav,data16\train_noisy\p227_327.wav
data16\train_clean\p227_328.wav,data16\train_noisy\p227_328.wav
data16\train_clean\p227_329.wav,data16\train_noisy\p227_329.wav
data16\train_clean\p227_330.wav,data16\train_noisy\p227_330.wav
data16\train_clean\p227_331.wav,data16\train_noisy\p227_331.wav
data16\train_clean\p227_332.wav,data16\train_noisy\p227_332.wav
data16\train_clean\p227_333.wav,data16\train_noisy\p227_333.wav
data16\train_clean\p227_334.wav,data16\train_noisy\p227_334.wav
data16\train_clean\p227_335.wav,data16\train_noisy\p227_335.wav
data16\train_clean\p227_336.wav,data16\train_noisy\p227_336.wav
data16\train_clean\p227_337.wav,data16\train_noisy\p227_337.wav
data16\train_clean\p227_338.wav,data16\train_noisy\p227_338.wav
data16\train_clean\p227_339.wav,data16\train_noisy\p227_339.wav
data16\train_clean\p227_340.wav,data16\train_noisy\p227_340.wav
data16\train_clean\p227_341.wav,data16\train_noisy\p227_341.wav
data16\train_clean\p227_342.wav,data16\train_noisy\p227_342.wav
data16\train_clean\p227_343.wav,data16\train_noisy\p227_343.wav
data16\train_clean\p227_344.wav,data16\train_noisy\p227_344.wav
data16\train_clean\p227_345.wav,data16\train_noisy\p227_345.wav
data16\train_clean\p227_347.wav,data16\train_noisy\p227_347.wav
data16\train_clean\p227_348.wav,data16\train_noisy\p227_348.wav
data16\train_clean\p227_349.wav,data16\train_noisy\p227_349.wav
data16\train_clean\p227_350.wav,data16\train_noisy\p227_350.wav
data16\train_clean\p227_351.wav,data16\train_noisy\p227_351.wav
data16\train_clean\p227_352.wav,data16\train_noisy\p227_352.wav
data16\train_clean\p227_353.wav,data16\train_noisy\p227_353.wav
data16\train_clean\p227_354.wav,data16\train_noisy\p227_354.wav
data16\train_clean\p227_355.wav,data16\train_noisy\p227_355.wav
data16\train_clean\p227_356.wav,data16\train_noisy\p227_356.wav
data16\train_clean\p227_357.wav,data16\train_noisy\p227_357.wav
data16\train_clean\p227_358.wav,data16\train_noisy\p227_358.wav
data16\train_clean\p227_359.wav,data16\train_noisy\p227_359.wav
data16\train_clean\p227_360.wav,data16\train_noisy\p227_360.wav
data16\train_clean\p227_361.wav,data16\train_noisy\p227_361.wav
data16\train_clean\p227_363.wav,data16\train_noisy\p227_363.wav
data16\train_clean\p227_364.wav,data16\train_noisy\p227_364.wav
data16\train_clean\p227_365.wav,data16\train_noisy\p227_365.wav
data16\train_clean\p227_366.wav,data16\train_noisy\p227_366.wav
data16\train_clean\p227_367.wav,data16\train_noisy\p227_367.wav
data16\train_clean\p227_368.wav,data16\train_noisy\p227_368.wav
data16\train_clean\p227_369.wav,data16\train_noisy\p227_369.wav
data16\train_clean\p227_370.wav,data16\train_noisy\p227_370.wav
data16\train_clean\p227_371.wav,data16\train_noisy\p227_371.wav
data16\train_clean\p227_372.wav,data16\train_noisy\p227_372.wav
data16\train_clean\p227_373.wav,data16\train_noisy\p227_373.wav
data16\train_clean\p227_374.wav,data16\train_noisy\p227_374.wav
data16\train_clean\p227_375.wav,data16\train_noisy\p227_375.wav
data16\train_clean\p227_376.wav,data16\train_noisy\p227_376.wav
data16\train_clean\p227_377.wav,data16\train_noisy\p227_377.wav
data16\train_clean\p227_378.wav,data16\train_noisy\p227_378.wav
data16\train_clean\p227_379.wav,data16\train_noisy\p227_379.wav
data16\train_clean\p227_380.wav,data16\train_noisy\p227_380.wav
data16\train_clean\p227_382.wav,data16\train_noisy\p227_382.wav
data16\train_clean\p227_383.wav,data16\train_noisy\p227_383.wav
data16\train_clean\p227_384.wav,data16\train_noisy\p227_384.wav
data16\train_clean\p227_385.wav,data16\train_noisy\p227_385.wav
data16\train_clean\p227_386.wav,data16\train_noisy\p227_386.wav
data16\train_clean\p227_387.wav,data16\train_noisy\p227_387.wav
data16\train_clean\p227_388.wav,data16\train_noisy\p227_388.wav
data16\train_clean\p227_389.wav,data16\train_noisy\p227_389.wav
data16\train_clean\p227_390.wav,data16\train_noisy\p227_390.wav
data16\train_clean\p227_391.wav,data16\train_noisy\p227_391.wav
data16\train_clean\p227_392.wav,data16\train_noisy\p227_392.wav
data16\train_clean\p227_393.wav,data16\train_noisy\p227_393.wav
data16\train_clean\p227_394.wav,data16\train_noisy\p227_394.wav
data16\train_clean\p227_395.wav,data16\train_noisy\p227_395.wav
data16\train_clean\p227_396.wav,data16\train_noisy\p227_396.wav
data16\train_clean\p227_397.wav,data16\train_noisy\p227_397.wav
data16\train_clean\p227_398.wav,data16\train_noisy\p227_398.wav
data16\train_clean\p227_399.wav,data16\train_noisy\p227_399.wav
data16\train_clean\p227_400.wav,data16\train_noisy\p227_400.wav
data16\train_clean\p227_401.wav,data16\train_noisy\p227_401.wav
data16\train_clean\p227_402.wav,data16\train_noisy\p227_402.wav
data16\train_clean\p228_001.wav,data16\train_noisy\p228_001.wav
data16\train_clean\p228_002.wav,data16\train_noisy\p228_002.wav
data16\train_clean\p228_003.wav,data16\train_noisy\p228_003.wav
data16\train_clean\p228_004.wav,data16\train_noisy\p228_004.wav
data16\train_clean\p228_005.wav,data16\train_noisy\p228_005.wav
data16\train_clean\p228_006.wav,data16\train_noisy\p228_006.wav
data16\train_clean\p228_007.wav,data16\train_noisy\p228_007.wav
data16\train_clean\p228_008.wav,data16\train_noisy\p228_008.wav
data16\train_clean\p228_009.wav,data16\train_noisy\p228_009.wav
data16\train_clean\p228_010.wav,data16\train_noisy\p228_010.wav
data16\train_clean\p228_011.wav,data16\train_noisy\p228_011.wav
data16\train_clean\p228_012.wav,data16\train_noisy\p228_012.wav
data16\train_clean\p228_013.wav,data16\train_noisy\p228_013.wav
data16\train_clean\p228_014.wav,data16\train_noisy\p228_014.wav
data16\train_clean\p228_015.wav,data16\train_noisy\p228_015.wav
data16\train_clean\p228_016.wav,data16\train_noisy\p228_016.wav
data16\train_clean\p228_018.wav,data16\train_noisy\p228_018.wav
data16\train_clean\p228_019.wav,data16\train_noisy\p228_019.wav
data16\train_clean\p228_020.wav,data16\train_noisy\p228_020.wav
data16\train_clean\p228_021.wav,data16\train_noisy\p228_021.wav
data16\train_clean\p228_022.wav,data16\train_noisy\p228_022.wav
data16\train_clean\p228_023.wav,data16\train_noisy\p228_023.wav
data16\train_clean\p228_024.wav,data16\train_noisy\p228_024.wav
data16\train_clean\p228_025.wav,data16\train_noisy\p228_025.wav
data16\train_clean\p228_026.wav,data16\train_noisy\p228_026.wav
data16\train_clean\p228_027.wav,data16\train_noisy\p228_027.wav
data16\train_clean\p228_028.wav,data16\train_noisy\p228_028.wav
data16\train_clean\p228_029.wav,data16\train_noisy\p228_029.wav
data16\train_clean\p228_030.wav,data16\train_noisy\p228_030.wav
data16\train_clean\p228_031.wav,data16\train_noisy\p228_031.wav
data16\train_clean\p228_032.wav,data16\train_noisy\p228_032.wav
data16\train_clean\p228_033.wav,data16\train_noisy\p228_033.wav
data16\train_clean\p228_034.wav,data16\train_noisy\p228_034.wav
data16\train_clean\p228_035.wav,data16\train_noisy\p228_035.wav
data16\train_clean\p228_036.wav,data16\train_noisy\p228_036.wav
data16\train_clean\p228_038.wav,data16\train_noisy\p228_038.wav
data16\train_clean\p228_039.wav,data16\train_noisy\p228_039.wav
data16\train_clean\p228_041.wav,data16\train_noisy\p228_041.wav
data16\train_clean\p228_042.wav,data16\train_noisy\p228_042.wav
data16\train_clean\p228_045.wav,data16\train_noisy\p228_045.wav
data16\train_clean\p228_046.wav,data16\train_noisy\p228_046.wav
data16\train_clean\p228_047.wav,data16\train_noisy\p228_047.wav
data16\train_clean\p228_048.wav,data16\train_noisy\p228_048.wav
data16\train_clean\p228_049.wav,data16\train_noisy\p228_049.wav
data16\train_clean\p228_050.wav,data16\train_noisy\p228_050.wav
data16\train_clean\p228_051.wav,data16\train_noisy\p228_051.wav
data16\train_clean\p228_052.wav,data16\train_noisy\p228_052.wav
data16\train_clean\p228_053.wav,data16\train_noisy\p228_053.wav
data16\train_clean\p228_054.wav,data16\train_noisy\p228_054.wav
data16\train_clean\p228_055.wav,data16\train_noisy\p228_055.wav
data16\train_clean\p228_056.wav,data16\train_noisy\p228_056.wav
data16\train_clean\p228_057.wav,data16\train_noisy\p228_057.wav
data16\train_clean\p228_058.wav,data16\train_noisy\p228_058.wav
data16\train_clean\p228_059.wav,data16\train_noisy\p228_059.wav
data16\train_clean\p228_060.wav,data16\train_noisy\p228_060.wav
data16\train_clean\p228_061.wav,data16\train_noisy\p228_061.wav
data16\train_clean\p228_062.wav,data16\train_noisy\p228_062.wav
data16\train_clean\p228_063.wav,data16\train_noisy\p228_063.wav
data16\train_clean\p228_064.wav,data16\train_noisy\p228_064.wav
data16\train_clean\p228_065.wav,data16\train_noisy\p228_065.wav
data16\train_clean\p228_066.wav,data16\train_noisy\p228_066.wav
data16\train_clean\p228_067.wav,data16\train_noisy\p228_067.wav
data16\train_clean\p228_068.wav,data16\train_noisy\p228_068.wav
data16\train_clean\p228_069.wav,data16\train_noisy\p228_069.wav
data16\train_clean\p228_070.wav,data16\train_noisy\p228_070.wav
data16\train_clean\p228_071.wav,data16\train_noisy\p228_071.wav
data16\train_clean\p228_073.wav,data16\train_noisy\p228_073.wav
data16\train_clean\p228_074.wav,data16\train_noisy\p228_074.wav
data16\train_clean\p228_075.wav,data16\train_noisy\p228_075.wav
data16\train_clean\p228_076.wav,data16\train_noisy\p228_076.wav
data16\train_clean\p228_077.wav,data16\train_noisy\p228_077.wav
data16\train_clean\p228_078.wav,data16\train_noisy\p228_078.wav
data16\train_clean\p228_079.wav,data16\train_noisy\p228_079.wav
data16\train_clean\p228_081.wav,data16\train_noisy\p228_081.wav
data16\train_clean\p228_082.wav,data16\train_noisy\p228_082.wav
data16\train_clean\p228_083.wav,data16\train_noisy\p228_083.wav
data16\train_clean\p228_084.wav,data16\train_noisy\p228_084.wav
data16\train_clean\p228_085.wav,data16\train_noisy\p228_085.wav
data16\train_clean\p228_086.wav,data16\train_noisy\p228_086.wav
data16\train_clean\p228_087.wav,data16\train_noisy\p228_087.wav
data16\train_clean\p228_088.wav,data16\train_noisy\p228_088.wav
data16\train_clean\p228_089.wav,data16\train_noisy\p228_089.wav
data16\train_clean\p228_090.wav,data16\train_noisy\p228_090.wav
data16\train_clean\p228_091.wav,data16\train_noisy\p228_091.wav
data16\train_clean\p228_092.wav,data16\train_noisy\p228_092.wav
data16\train_clean\p228_093.wav,data16\train_noisy\p228_093.wav
data16\train_clean\p228_094.wav,data16\train_noisy\p228_094.wav
data16\train_clean\p228_095.wav,data16\train_noisy\p228_095.wav
data16\train_clean\p228_096.wav,data16\train_noisy\p228_096.wav
data16\train_clean\p228_097.wav,data16\train_noisy\p228_097.wav
data16\train_clean\p228_098.wav,data16\train_noisy\p228_098.wav
data16\train_clean\p228_099.wav,data16\train_noisy\p228_099.wav
data16\train_clean\p228_100.wav,data16\train_noisy\p228_100.wav
data16\train_clean\p228_101.wav,data16\train_noisy\p228_101.wav
data16\train_clean\p228_102.wav,data16\train_noisy\p228_102.wav
data16\train_clean\p228_103.wav,data16\train_noisy\p228_103.wav
data16\train_clean\p228_104.wav,data16\train_noisy\p228_104.wav
data16\train_clean\p228_105.wav,data16\train_noisy\p228_105.wav
data16\train_clean\p228_106.wav,data16\train_noisy\p228_106.wav
data16\train_clean\p228_107.wav,data16\train_noisy\p228_107.wav
data16\train_clean\p228_108.wav,data16\train_noisy\p228_108.wav
data16\train_clean\p228_109.wav,data16\train_noisy\p228_109.wav
data16\train_clean\p228_110.wav,data16\train_noisy\p228_110.wav
data16\train_clean\p228_111.wav,data16\train_noisy\p228_111.wav
data16\train_clean\p228_112.wav,data16\train_noisy\p228_112.wav
data16\train_clean\p228_113.wav,data16\train_noisy\p228_113.wav
data16\train_clean\p228_114.wav,data16\train_noisy\p228_114.wav
data16\train_clean\p228_115.wav,data16\train_noisy\p228_115.wav
data16\train_clean\p228_116.wav,data16\train_noisy\p228_116.wav
data16\train_clean\p228_117.wav,data16\train_noisy\p228_117.wav
data16\train_clean\p228_118.wav,data16\train_noisy\p228_118.wav
data16\train_clean\p228_119.wav,data16\train_noisy\p228_119.wav
data16\train_clean\p228_120.wav,data16\train_noisy\p228_120.wav
data16\train_clean\p228_121.wav,data16\train_noisy\p228_121.wav
data16\train_clean\p228_122.wav,data16\train_noisy\p228_122.wav
data16\train_clean\p228_123.wav,data16\train_noisy\p228_123.wav
data16\train_clean\p228_124.wav,data16\train_noisy\p228_124.wav
data16\train_clean\p228_125.wav,data16\train_noisy\p228_125.wav
data16\train_clean\p228_126.wav,data16\train_noisy\p228_126.wav
data16\train_clean\p228_127.wav,data16\train_noisy\p228_127.wav
data16\train_clean\p228_128.wav,data16\train_noisy\p228_128.wav
data16\train_clean\p228_129.wav,data16\train_noisy\p228_129.wav
data16\train_clean\p228_130.wav,data16\train_noisy\p228_130.wav
data16\train_clean\p228_131.wav,data16\train_noisy\p228_131.wav
data16\train_clean\p228_132.wav,data16\train_noisy\p228_132.wav
data16\train_clean\p228_133.wav,data16\train_noisy\p228_133.wav
data16\train_clean\p228_134.wav,data16\train_noisy\p228_134.wav
data16\train_clean\p228_135.wav,data16\train_noisy\p228_135.wav
data16\train_clean\p228_136.wav,data16\train_noisy\p228_136.wav
data16\train_clean\p228_137.wav,data16\train_noisy\p228_137.wav
data16\train_clean\p228_138.wav,data16\train_noisy\p228_138.wav
data16\train_clean\p228_139.wav,data16\train_noisy\p228_139.wav
data16\train_clean\p228_140.wav,data16\train_noisy\p228_140.wav
data16\train_clean\p228_141.wav,data16\train_noisy\p228_141.wav
data16\train_clean\p228_142.wav,data16\train_noisy\p228_142.wav
data16\train_clean\p228_143.wav,data16\train_noisy\p228_143.wav
data16\train_clean\p228_144.wav,data16\train_noisy\p228_144.wav
data16\train_clean\p228_145.wav,data16\train_noisy\p228_145.wav
data16\train_clean\p228_146.wav,data16\train_noisy\p228_146.wav
data16\train_clean\p228_147.wav,data16\train_noisy\p228_147.wav
data16\train_clean\p228_148.wav,data16\train_noisy\p228_148.wav
data16\train_clean\p228_149.wav,data16\train_noisy\p228_149.wav
data16\train_clean\p228_150.wav,data16\train_noisy\p228_150.wav
data16\train_clean\p228_151.wav,data16\train_noisy\p228_151.wav
data16\train_clean\p228_152.wav,data16\train_noisy\p228_152.wav
data16\train_clean\p228_153.wav,data16\train_noisy\p228_153.wav
data16\train_clean\p228_154.wav,data16\train_noisy\p228_154.wav
data16\train_clean\p228_155.wav,data16\train_noisy\p228_155.wav
data16\train_clean\p228_156.wav,data16\train_noisy\p228_156.wav
data16\train_clean\p228_157.wav,data16\train_noisy\p228_157.wav
data16\train_clean\p228_158.wav,data16\train_noisy\p228_158.wav
data16\train_clean\p228_159.wav,data16\train_noisy\p228_159.wav
data16\train_clean\p228_160.wav,data16\train_noisy\p228_160.wav
data16\train_clean\p228_161.wav,data16\train_noisy\p228_161.wav
data16\train_clean\p228_162.wav,data16\train_noisy\p228_162.wav
data16\train_clean\p228_163.wav,data16\train_noisy\p228_163.wav
data16\train_clean\p228_164.wav,data16\train_noisy\p228_164.wav
data16\train_clean\p228_165.wav,data16\train_noisy\p228_165.wav
data16\train_clean\p228_166.wav,data16\train_noisy\p228_166.wav
data16\train_clean\p228_167.wav,data16\train_noisy\p228_167.wav
data16\train_clean\p228_168.wav,data16\train_noisy\p228_168.wav
data16\train_clean\p228_169.wav,data16\train_noisy\p228_169.wav
data16\train_clean\p228_170.wav,data16\train_noisy\p228_170.wav
data16\train_clean\p228_171.wav,data16\train_noisy\p228_171.wav
data16\train_clean\p228_172.wav,data16\train_noisy\p228_172.wav
data16\train_clean\p228_173.wav,data16\train_noisy\p228_173.wav
data16\train_clean\p228_174.wav,data16\train_noisy\p228_174.wav
data16\train_clean\p228_175.wav,data16\train_noisy\p228_175.wav
data16\train_clean\p228_176.wav,data16\train_noisy\p228_176.wav
data16\train_clean\p228_177.wav,data16\train_noisy\p228_177.wav
data16\train_clean\p228_178.wav,data16\train_noisy\p228_178.wav
data16\train_clean\p228_179.wav,data16\train_noisy\p228_179.wav
data16\train_clean\p228_180.wav,data16\train_noisy\p228_180.wav
data16\train_clean\p228_181.wav,data16\train_noisy\p228_181.wav
data16\train_clean\p228_182.wav,data16\train_noisy\p228_182.wav
data16\train_clean\p228_183.wav,data16\train_noisy\p228_183.wav
data16\train_clean\p228_184.wav,data16\train_noisy\p228_184.wav
data16\train_clean\p228_185.wav,data16\train_noisy\p228_185.wav
data16\train_clean\p228_186.wav,data16\train_noisy\p228_186.wav
data16\train_clean\p228_187.wav,data16\train_noisy\p228_187.wav
data16\train_clean\p228_188.wav,data16\train_noisy\p228_188.wav
data16\train_clean\p228_189.wav,data16\train_noisy\p228_189.wav
data16\train_clean\p228_190.wav,data16\train_noisy\p228_190.wav
data16\train_clean\p228_191.wav,data16\train_noisy\p228_191.wav
data16\train_clean\p228_192.wav,data16\train_noisy\p228_192.wav
data16\train_clean\p228_193.wav,data16\train_noisy\p228_193.wav
data16\train_clean\p228_194.wav,data16\train_noisy\p228_194.wav
data16\train_clean\p228_195.wav,data16\train_noisy\p228_195.wav
data16\train_clean\p228_196.wav,data16\train_noisy\p228_196.wav
data16\train_clean\p228_197.wav,data16\train_noisy\p228_197.wav
data16\train_clean\p228_198.wav,data16\train_noisy\p228_198.wav
data16\train_clean\p228_199.wav,data16\train_noisy\p228_199.wav
data16\train_clean\p228_200.wav,data16\train_noisy\p228_200.wav
data16\train_clean\p228_202.wav,data16\train_noisy\p228_202.wav
data16\train_clean\p228_203.wav,data16\train_noisy\p228_203.wav
data16\train_clean\p228_204.wav,data16\train_noisy\p228_204.wav
data16\train_clean\p228_205.wav,data16\train_noisy\p228_205.wav
data16\train_clean\p228_206.wav,data16\train_noisy\p228_206.wav
data16\train_clean\p228_207.wav,data16\train_noisy\p228_207.wav
data16\train_clean\p228_208.wav,data16\train_noisy\p228_208.wav
data16\train_clean\p228_209.wav,data16\train_noisy\p228_209.wav
data16\train_clean\p228_210.wav,data16\train_noisy\p228_210.wav
data16\train_clean\p228_211.wav,data16\train_noisy\p228_211.wav
data16\train_clean\p228_212.wav,data16\train_noisy\p228_212.wav
data16\train_clean\p228_213.wav,data16\train_noisy\p228_213.wav
data16\train_clean\p228_214.wav,data16\train_noisy\p228_214.wav
data16\train_clean\p228_215.wav,data16\train_noisy\p228_215.wav
data16\train_clean\p228_216.wav,data16\train_noisy\p228_216.wav
data16\train_clean\p228_217.wav,data16\train_noisy\p228_217.wav
data16\train_clean\p228_218.wav,data16\train_noisy\p228_218.wav
data16\train_clean\p228_219.wav,data16\train_noisy\p228_219.wav
data16\train_clean\p228_220.wav,data16\train_noisy\p228_220.wav
data16\train_clean\p228_221.wav,data16\train_noisy\p228_221.wav
data16\train_clean\p228_222.wav,data16\train_noisy\p228_222.wav
data16\train_clean\p228_223.wav,data16\train_noisy\p228_223.wav
data16\train_clean\p228_224.wav,data16\train_noisy\p228_224.wav
data16\train_clean\p228_225.wav,data16\train_noisy\p228_225.wav
data16\train_clean\p228_226.wav,data16\train_noisy\p228_226.wav
data16\train_clean\p228_227.wav,data16\train_noisy\p228_227.wav
data16\train_clean\p228_228.wav,data16\train_noisy\p228_228.wav
data16\train_clean\p228_229.wav,data16\train_noisy\p228_229.wav
data16\train_clean\p228_230.wav,data16\train_noisy\p228_230.wav
data16\train_clean\p228_231.wav,data16\train_noisy\p228_231.wav
data16\train_clean\p228_232.wav,data16\train_noisy\p228_232.wav
data16\train_clean\p228_233.wav,data16\train_noisy\p228_233.wav
data16\train_clean\p228_234.wav,data16\train_noisy\p228_234.wav
data16\train_clean\p228_235.wav,data16\train_noisy\p228_235.wav
data16\train_clean\p228_236.wav,data16\train_noisy\p228_236.wav
data16\train_clean\p228_237.wav,data16\train_noisy\p228_237.wav
data16\train_clean\p228_238.wav,data16\train_noisy\p228_238.wav
data16\train_clean\p228_239.wav,data16\train_noisy\p228_239.wav
data16\train_clean\p228_240.wav,data16\train_noisy\p228_240.wav
data16\train_clean\p228_241.wav,data16\train_noisy\p228_241.wav
data16\train_clean\p228_242.wav,data16\train_noisy\p228_242.wav
data16\train_clean\p228_243.wav,data16\train_noisy\p228_243.wav
data16\train_clean\p228_244.wav,data16\train_noisy\p228_244.wav
data16\train_clean\p228_245.wav,data16\train_noisy\p228_245.wav
data16\train_clean\p228_246.wav,data16\train_noisy\p228_246.wav
data16\train_clean\p228_247.wav,data16\train_noisy\p228_247.wav
data16\train_clean\p228_248.wav,data16\train_noisy\p228_248.wav
data16\train_clean\p228_249.wav,data16\train_noisy\p228_249.wav
data16\train_clean\p228_250.wav,data16\train_noisy\p228_250.wav
data16\train_clean\p228_251.wav,data16\train_noisy\p228_251.wav
data16\train_clean\p228_252.wav,data16\train_noisy\p228_252.wav
data16\train_clean\p228_253.wav,data16\train_noisy\p228_253.wav
data16\train_clean\p228_254.wav,data16\train_noisy\p228_254.wav
data16\train_clean\p228_255.wav,data16\train_noisy\p228_255.wav
data16\train_clean\p228_256.wav,data16\train_noisy\p228_256.wav
data16\train_clean\p228_257.wav,data16\train_noisy\p228_257.wav
data16\train_clean\p228_258.wav,data16\train_noisy\p228_258.wav
data16\train_clean\p228_259.wav,data16\train_noisy\p228_259.wav
data16\train_clean\p228_260.wav,data16\train_noisy\p228_260.wav
data16\train_clean\p228_261.wav,data16\train_noisy\p228_261.wav
data16\train_clean\p228_262.wav,data16\train_noisy\p228_262.wav
data16\train_clean\p228_263.wav,data16\train_noisy\p228_263.wav
data16\train_clean\p228_264.wav,data16\train_noisy\p228_264.wav
data16\train_clean\p228_265.wav,data16\train_noisy\p228_265.wav
data16\train_clean\p228_266.wav,data16\train_noisy\p228_266.wav
data16\train_clean\p228_267.wav,data16\train_noisy\p228_267.wav
data16\train_clean\p228_268.wav,data16\train_noisy\p228_268.wav
data16\train_clean\p228_269.wav,data16\train_noisy\p228_269.wav
data16\train_clean\p228_270.wav,data16\train_noisy\p228_270.wav
data16\train_clean\p228_271.wav,data16\train_noisy\p228_271.wav
data16\train_clean\p228_272.wav,data16\train_noisy\p228_272.wav
data16\train_clean\p228_274.wav,data16\train_noisy\p228_274.wav
data16\train_clean\p228_275.wav,data16\train_noisy\p228_275.wav
data16\train_clean\p228_276.wav,data16\train_noisy\p228_276.wav
data16\train_clean\p228_277.wav,data16\train_noisy\p228_277.wav
data16\train_clean\p228_278.wav,data16\train_noisy\p228_278.wav
data16\train_clean\p228_279.wav,data16\train_noisy\p228_279.wav
data16\train_clean\p228_280.wav,data16\train_noisy\p228_280.wav
data16\train_clean\p228_281.wav,data16\train_noisy\p228_281.wav
data16\train_clean\p228_282.wav,data16\train_noisy\p228_282.wav
data16\train_clean\p228_283.wav,data16\train_noisy\p228_283.wav
data16\train_clean\p228_284.wav,data16\train_noisy\p228_284.wav
data16\train_clean\p228_285.wav,data16\train_noisy\p228_285.wav
data16\train_clean\p228_286.wav,data16\train_noisy\p228_286.wav
data16\train_clean\p228_287.wav,data16\train_noisy\p228_287.wav
data16\train_clean\p228_288.wav,data16\train_noisy\p228_288.wav
data16\train_clean\p228_289.wav,data16\train_noisy\p228_289.wav
data16\train_clean\p228_290.wav,data16\train_noisy\p228_290.wav
data16\train_clean\p228_291.wav,data16\train_noisy\p228_291.wav
data16\train_clean\p228_292.wav,data16\train_noisy\p228_292.wav
data16\train_clean\p228_293.wav,data16\train_noisy\p228_293.wav
data16\train_clean\p228_294.wav,data16\train_noisy\p228_294.wav
data16\train_clean\p228_295.wav,data16\train_noisy\p228_295.wav
data16\train_clean\p228_296.wav,data16\train_noisy\p228_296.wav
data16\train_clean\p228_297.wav,data16\train_noisy\p228_297.wav
data16\train_clean\p228_298.wav,data16\train_noisy\p228_298.wav
data16\train_clean\p228_299.wav,data16\train_noisy\p228_299.wav
data16\train_clean\p228_300.wav,data16\train_noisy\p228_300.wav
data16\train_clean\p228_301.wav,data16\train_noisy\p228_301.wav
data16\train_clean\p228_302.wav,data16\train_noisy\p228_302.wav
data16\train_clean\p228_303.wav,data16\train_noisy\p228_303.wav
data16\train_clean\p228_304.wav,data16\train_noisy\p228_304.wav
data16\train_clean\p228_305.wav,data16\train_noisy\p228_305.wav
data16\train_clean\p228_306.wav,data16\train_noisy\p228_306.wav
data16\train_clean\p228_307.wav,data16\train_noisy\p228_307.wav
data16\train_clean\p228_308.wav,data16\train_noisy\p228_308.wav
data16\train_clean\p228_309.wav,data16\train_noisy\p228_309.wav
data16\train_clean\p228_310.wav,data16\train_noisy\p228_310.wav
data16\train_clean\p228_311.wav,data16\train_noisy\p228_311.wav
data16\train_clean\p228_312.wav,data16\train_noisy\p228_312.wav
data16\train_clean\p228_313.wav,data16\train_noisy\p228_313.wav
data16\train_clean\p228_315.wav,data16\train_noisy\p228_315.wav
data16\train_clean\p228_316.wav,data16\train_noisy\p228_316.wav
data16\train_clean\p228_317.wav,data16\train_noisy\p228_317.wav
data16\train_clean\p228_318.wav,data16\train_noisy\p228_318.wav
data16\train_clean\p228_319.wav,data16\train_noisy\p228_319.wav
data16\train_clean\p228_320.wav,data16\train_noisy\p228_320.wav
data16\train_clean\p228_321.wav,data16\train_noisy\p228_321.wav
data16\train_clean\p228_322.wav,data16\train_noisy\p228_322.wav
data16\train_clean\p228_323.wav,data16\train_noisy\p228_323.wav
data16\train_clean\p228_324.wav,data16\train_noisy\p228_324.wav
data16\train_clean\p228_325.wav,data16\train_noisy\p228_325.wav
data16\train_clean\p228_326.wav,data16\train_noisy\p228_326.wav
data16\train_clean\p228_327.wav,data16\train_noisy\p228_327.wav
data16\train_clean\p228_328.wav,data16\train_noisy\p228_328.wav
data16\train_clean\p228_329.wav,data16\train_noisy\p228_329.wav
data16\train_clean\p228_330.wav,data16\train_noisy\p228_330.wav
data16\train_clean\p228_331.wav,data16\train_noisy\p228_331.wav
data16\train_clean\p228_332.wav,data16\train_noisy\p228_332.wav
data16\train_clean\p228_333.wav,data16\train_noisy\p228_333.wav
data16\train_clean\p228_334.wav,data16\train_noisy\p228_334.wav
data16\train_clean\p228_335.wav,data16\train_noisy\p228_335.wav
data16\train_clean\p228_336.wav,data16\train_noisy\p228_336.wav
data16\train_clean\p228_337.wav,data16\train_noisy\p228_337.wav
data16\train_clean\p228_338.wav,data16\train_noisy\p228_338.wav
data16\train_clean\p228_339.wav,data16\train_noisy\p228_339.wav
data16\train_clean\p228_340.wav,data16\train_noisy\p228_340.wav
data16\train_clean\p228_341.wav,data16\train_noisy\p228_341.wav
data16\train_clean\p228_342.wav,data16\train_noisy\p228_342.wav
data16\train_clean\p228_343.wav,data16\train_noisy\p228_343.wav
data16\train_clean\p228_344.wav,data16\train_noisy\p228_344.wav
data16\train_clean\p228_345.wav,data16\train_noisy\p228_345.wav
data16\train_clean\p228_346.wav,data16\train_noisy\p228_346.wav
data16\train_clean\p228_347.wav,data16\train_noisy\p228_347.wav
data16\train_clean\p228_348.wav,data16\train_noisy\p228_348.wav
data16\train_clean\p228_349.wav,data16\train_noisy\p228_349.wav
data16\train_clean\p228_350.wav,data16\train_noisy\p228_350.wav
data16\train_clean\p228_351.wav,data16\train_noisy\p228_351.wav
data16\train_clean\p228_352.wav,data16\train_noisy\p228_352.wav
data16\train_clean\p228_353.wav,data16\train_noisy\p228_353.wav
data16\train_clean\p228_354.wav,data16\train_noisy\p228_354.wav
data16\train_clean\p228_355.wav,data16\train_noisy\p228_355.wav
data16\train_clean\p228_356.wav,data16\train_noisy\p228_356.wav
data16\train_clean\p228_357.wav,data16\train_noisy\p228_357.wav
data16\train_clean\p228_358.wav,data16\train_noisy\p228_358.wav
data16\train_clean\p228_359.wav,data16\train_noisy\p228_359.wav
data16\train_clean\p228_360.wav,data16\train_noisy\p228_360.wav
data16\train_clean\p228_361.wav,data16\train_noisy\p228_361.wav
data16\train_clean\p228_362.wav,data16\train_noisy\p228_362.wav
data16\train_clean\p228_363.wav,data16\train_noisy\p228_363.wav
data16\train_clean\p228_364.wav,data16\train_noisy\p228_364.wav
data16\train_clean\p228_365.wav,data16\train_noisy\p228_365.wav
data16\train_clean\p228_366.wav,data16\train_noisy\p228_366.wav
data16\train_clean\p228_367.wav,data16\train_noisy\p228_367.wav
data16\train_clean\p228_368.wav,data16\train_noisy\p228_368.wav
data16\train_clean\p228_369.wav,data16\train_noisy\p228_369.wav
data16\train_clean\p228_370.wav,data16\train_noisy\p228_370.wav
data16\train_clean\p228_371.wav,data16\train_noisy\p228_371.wav
data16\train_clean\p230_001.wav,data16\train_noisy\p230_001.wav
data16\train_clean\p230_002.wav,data16\train_noisy\p230_002.wav
data16\train_clean\p230_003.wav,data16\train_noisy\p230_003.wav
data16\train_clean\p230_005.wav,data16\train_noisy\p230_005.wav
data16\train_clean\p230_006.wav,data16\train_noisy\p230_006.wav
data16\train_clean\p230_007.wav,data16\train_noisy\p230_007.wav
data16\train_clean\p230_008.wav,data16\train_noisy\p230_008.wav
data16\train_clean\p230_009.wav,data16\train_noisy\p230_009.wav
data16\train_clean\p230_010.wav,data16\train_noisy\p230_010.wav
data16\train_clean\p230_012.wav,data16\train_noisy\p230_012.wav
data16\train_clean\p230_013.wav,data16\train_noisy\p230_013.wav
data16\train_clean\p230_014.wav,data16\train_noisy\p230_014.wav
data16\train_clean\p230_016.wav,data16\train_noisy\p230_016.wav
data16\train_clean\p230_017.wav,data16\train_noisy\p230_017.wav
data16\train_clean\p230_018.wav,data16\train_noisy\p230_018.wav
data16\train_clean\p230_019.wav,data16\train_noisy\p230_019.wav
data16\train_clean\p230_020.wav,data16\train_noisy\p230_020.wav
data16\train_clean\p230_021.wav,data16\train_noisy\p230_021.wav
data16\train_clean\p230_023.wav,data16\train_noisy\p230_023.wav
data16\train_clean\p230_024.wav,data16\train_noisy\p230_024.wav
data16\train_clean\p230_025.wav,data16\train_noisy\p230_025.wav
data16\train_clean\p230_027.wav,data16\train_noisy\p230_027.wav
data16\train_clean\p230_028.wav,data16\train_noisy\p230_028.wav
data16\train_clean\p230_029.wav,data16\train_noisy\p230_029.wav
data16\train_clean\p230_030.wav,data16\train_noisy\p230_030.wav
data16\train_clean\p230_031.wav,data16\train_noisy\p230_031.wav
data16\train_clean\p230_032.wav,data16\train_noisy\p230_032.wav
data16\train_clean\p230_033.wav,data16\train_noisy\p230_033.wav
data16\train_clean\p230_034.wav,data16\train_noisy\p230_034.wav
data16\train_clean\p230_035.wav,data16\train_noisy\p230_035.wav
data16\train_clean\p230_036.wav,data16\train_noisy\p230_036.wav
data16\train_clean\p230_037.wav,data16\train_noisy\p230_037.wav
data16\train_clean\p230_038.wav,data16\train_noisy\p230_038.wav
data16\train_clean\p230_039.wav,data16\train_noisy\p230_039.wav
data16\train_clean\p230_040.wav,data16\train_noisy\p230_040.wav
data16\train_clean\p230_041.wav,data16\train_noisy\p230_041.wav
data16\train_clean\p230_042.wav,data16\train_noisy\p230_042.wav
data16\train_clean\p230_043.wav,data16\train_noisy\p230_043.wav
data16\train_clean\p230_044.wav,data16\train_noisy\p230_044.wav
data16\train_clean\p230_045.wav,data16\train_noisy\p230_045.wav
data16\train_clean\p230_046.wav,data16\train_noisy\p230_046.wav
data16\train_clean\p230_047.wav,data16\train_noisy\p230_047.wav
data16\train_clean\p230_048.wav,data16\train_noisy\p230_048.wav
data16\train_clean\p230_049.wav,data16\train_noisy\p230_049.wav
data16\train_clean\p230_050.wav,data16\train_noisy\p230_050.wav
data16\train_clean\p230_051.wav,data16\train_noisy\p230_051.wav
data16\train_clean\p230_052.wav,data16\train_noisy\p230_052.wav
data16\train_clean\p230_053.wav,data16\train_noisy\p230_053.wav
data16\train_clean\p230_054.wav,data16\train_noisy\p230_054.wav
data16\train_clean\p230_055.wav,data16\train_noisy\p230_055.wav
data16\train_clean\p230_056.wav,data16\train_noisy\p230_056.wav
data16\train_clean\p230_057.wav,data16\train_noisy\p230_057.wav
data16\train_clean\p230_058.wav,data16\train_noisy\p230_058.wav
data16\train_clean\p230_059.wav,data16\train_noisy\p230_059.wav
data16\train_clean\p230_060.wav,data16\train_noisy\p230_060.wav
data16\train_clean\p230_061.wav,data16\train_noisy\p230_061.wav
data16\train_clean\p230_062.wav,data16\train_noisy\p230_062.wav
data16\train_clean\p230_063.wav,data16\train_noisy\p230_063.wav
data16\train_clean\p230_064.wav,data16\train_noisy\p230_064.wav
data16\train_clean\p230_065.wav,data16\train_noisy\p230_065.wav
data16\train_clean\p230_066.wav,data16\train_noisy\p230_066.wav
data16\train_clean\p230_068.wav,data16\train_noisy\p230_068.wav
data16\train_clean\p230_069.wav,data16\train_noisy\p230_069.wav
data16\train_clean\p230_070.wav,data16\train_noisy\p230_070.wav
data16\train_clean\p230_071.wav,data16\train_noisy\p230_071.wav
data16\train_clean\p230_072.wav,data16\train_noisy\p230_072.wav
data16\train_clean\p230_073.wav,data16\train_noisy\p230_073.wav
data16\train_clean\p230_074.wav,data16\train_noisy\p230_074.wav
data16\train_clean\p230_075.wav,data16\train_noisy\p230_075.wav
data16\train_clean\p230_077.wav,data16\train_noisy\p230_077.wav
data16\train_clean\p230_078.wav,data16\train_noisy\p230_078.wav
data16\train_clean\p230_079.wav,data16\train_noisy\p230_079.wav
data16\train_clean\p230_080.wav,data16\train_noisy\p230_080.wav
data16\train_clean\p230_081.wav,data16\train_noisy\p230_081.wav
data16\train_clean\p230_083.wav,data16\train_noisy\p230_083.wav
data16\train_clean\p230_084.wav,data16\train_noisy\p230_084.wav
data16\train_clean\p230_085.wav,data16\train_noisy\p230_085.wav
data16\train_clean\p230_086.wav,data16\train_noisy\p230_086.wav
data16\train_clean\p230_087.wav,data16\train_noisy\p230_087.wav
data16\train_clean\p230_088.wav,data16\train_noisy\p230_088.wav
data16\train_clean\p230_089.wav,data16\train_noisy\p230_089.wav
data16\train_clean\p230_090.wav,data16\train_noisy\p230_090.wav
data16\train_clean\p230_091.wav,data16\train_noisy\p230_091.wav
data16\train_clean\p230_092.wav,data16\train_noisy\p230_092.wav
data16\train_clean\p230_093.wav,data16\train_noisy\p230_093.wav
data16\train_clean\p230_094.wav,data16\train_noisy\p230_094.wav
data16\train_clean\p230_095.wav,data16\train_noisy\p230_095.wav
data16\train_clean\p230_096.wav,data16\train_noisy\p230_096.wav
data16\train_clean\p230_097.wav,data16\train_noisy\p230_097.wav
data16\train_clean\p230_099.wav,data16\train_noisy\p230_099.wav
data16\train_clean\p230_100.wav,data16\train_noisy\p230_100.wav
